C,DV,E_K,El,Tref,Vr,Vt_star,cell_type,dt,eta_10.0,eta_100.0,eta_1000.0,eta_3.0,eta_30.0,eta_300.0,eta_3000.0,gamma_3.0,gamma_30.0,gamma_300.0,gamma_3000.0,gbar_K1,gbar_K2,gl,h_A,h_Vhalf,h_k,h_tau,lambda0,m_A,m_Vhalf,m_k,n_A,n_Vhalf,n_k,name,resting_potential,type
0.0991646320729494,6.53742275913799,,-64.4566997623146,6.5,-53.55198388106613,-55.72316888614789,5HT,0.1,0.008589945945949242,0.028477003295473577,0.002652258086026364,0.05572717511863413,-0.003864817755465549,-0.0002224286401520429,0.0006695844399387347,68849.73847871688,-46.68665820135238,6.983621810352137,5.327227451904232,,,0.0011011578076154716,,,,,1.0,,,,,,,DRN307,-64.45670316642952,GIF
0.12181232664186299,4.4420226965444325,,-80.40297831260699,6.5,-54.55562066504704,-54.31782321038063,5HT,0.1,0.024262144481414876,0.03874559746686176,0.008134587665847492,0.07965328453188933,-0.013658162345356087,0.007560321140375293,-0.0032541011938509094,-63.497848783339386,60.990898497629715,37.53311410190928,2.5464854607384013,,,0.0013410718750728066,,,,,1.0,,,,,,,DRN308,-80.40297699732136,GIF
0.11512529689654778,2.41797910959304,,-64.85140711106986,6.5,-56.135385462133065,-49.11101328614746,5HT,0.1,0.06853693660500722,0.05586643774410389,0.0028413826228619577,-0.025441968793895244,-0.022651988531934692,0.006485289127267043,-0.0010523126111429903,-94.41513080882956,91.66375462241173,10.192265357583114,0.14615141031956036,,,0.0022721522823327695,,,,,1.0,,,,,,,DRN317,-64.85140989606947,GIF
0.09417288304723423,3.813900219778296,,-63.56535088613511,6.5,-55.91928075680405,-46.18150720436542,5HT,0.1,0.01740852520807872,0.05729858169159931,0.0037760546816717326,-0.016149818472418323,-0.0022132031356260204,-0.00399937732970675,-0.0005926101002609767,-176.95345718320533,185.7042288353669,6.839458412978059,-0.17110940515725057,,,0.0016536020886449255,,,,,1.0,,,,,,,DRN318,-63.56534958634344,GIF
0.10576909760074607,4.568117173160755,,-54.18654438674012,6.5,-49.18546139710574,-59.39296785302336,5HT,0.1,0.030981359807120162,0.007374813538788398,0.007066676878514079,-0.0674687826115244,0.026208626675192352,0.00022583607804886263,-0.006006814581947814,807.045568417795,-1.8744504273488853,0.4436510280253159,2.199422039395951,,,0.0018984205238352185,,,,,1.0,,,,,,,DRN319,-54.186542521727674,GIF
0.10598551455389196,3.660196536766666,,-77.66045933120787,6.5,-55.91023008914911,-54.20655463696874,5HT,0.1,-0.029524075188938313,0.0028620275464726294,-0.0027103001762381405,0.12236062530480882,0.018547663212266648,0.03220974493024591,0.0011363738256202503,-103.8335936262709,90.22182973221524,47.77738280301605,0.2970552690369589,,,0.0014798303922763803,,,,,1.0,,,,,,,DRN320,-77.66046141378685,GIF
0.07536792074664812,7.103950273807635,,-58.45118492950399,6.5,-53.85661985938296,-60.72757251354047,5HT,0.1,-0.005190697793374408,0.0186617926934783,-0.0006930805767653632,0.07377214277130743,0.0013866207945241646,0.004873449215513932,0.0016120866095130945,2015.2679243582454,-35.986807611981426,7.202479109018647,3.4193899863106383,,,0.001010425675446872,,,,,1.0,,,,,,,DRN321,-58.45118332831369,GIF
0.057376113533958904,4.481107986066908,,-58.94301978355612,6.5,-50.65467549502242,-52.31892521097503,5HT,0.1,-0.009947769590490133,0.016924855963339345,0.0014870035572369805,0.08995679126005589,0.020624934248270183,0.007852173060691149,0.0002469168561808537,444.5566183841454,7.255311696531057,7.234137027540181,-0.07449140798668843,,,0.0013458616577433113,,,,,1.0,,,,,,,DRN324,-58.94301986646585,GIF
0.06040552359899429,8.549067017708062,,-65.86583332377455,6.5,-63.857361220808144,-59.17047007433694,5HT,0.1,-0.03592151787908788,0.004705950042735961,0.0020315339927186845,0.02847416002279608,0.014602810607873393,0.004222465736777566,-0.0014133464705214911,472.44331984959945,2.1511367130182237,8.928288988206218,-1.0342162457780049,,,0.001274870528914604,,,,,1.0,,,,,,,DRN325,-65.86583707555995,GIF
0.08636385611923605,3.8106454791962916,,-61.54747194914875,6.5,-47.654813394062046,-47.200641624806416,5HT,0.1,-0.019938395437092003,0.026537984115386097,-0.000598733440193672,0.25820137532605425,0.004317288961044048,0.01854062224904616,-0.00011646005033829463,-77.7604060746745,80.0965906512452,26.178383528952295,-1.3101891976395752,,,0.001284283828213626,,,,,1.0,,,,,,,DRN327,-61.54747010340381,GIF
0.09407197381134405,7.59269363707108,,-65.49849000995532,6.5,-21.744849886470618,-47.97534294467894,5HT,0.1,-0.14645472635203102,-0.02143010269464816,0.005996055715605628,0.8236993716365193,0.1262773150161199,0.04031418826287099,-0.004777410282471212,-2167005.007046,2167098.3188925283,44.5645121273553,0.09518820306237387,,,0.0009797238366801677,,,,,1.0,,,,,,,DRN332,-65.49848938349086,GIF
0.1282052165075235,4.185080310438452,,-87.26223866938919,6.5,-51.2305711976473,-57.07372090466929,5HT,0.1,0.03732160777920955,0.04872215944368108,0.005981180610727284,0.02074463022845958,-0.027663845192895976,0.002495340773264211,-0.0009019540096726376,24791877.7585674,-220.62537999611536,49.169241917400875,1.6346782358423624,,,0.0009603544371658308,,,,,1.0,,,,,,,DRN384,-87.26223755524492,GIF
0.108776758597174,4.525883947550762,,-67.95844079503867,6.5,-50.750507003224556,-56.26496428595698,5HT,0.1,0.05008300169556953,0.01649948453817434,0.004061880604439339,0.14574285428359732,0.014191580836781188,0.020338062168770574,4.005965117090772e-05,-109.95144761800954,115.2704008487243,33.55300929544168,1.8026571175319508,,,0.0013845535068264625,,,,,1.0,,,,,,,DRN385,-67.95844267714845,GIF
0.07592693807245149,7.360246318515939,,-68.46281249369981,6.5,-51.238883584626784,-58.28288408881391,5HT,0.1,0.0035567845302490455,0.017236215436184858,-0.00027192083416885805,0.030593945708200912,0.010794013454495273,0.015689097378296275,0.0008011814495605264,2252.0423738118175,-24.813484982969847,14.549219614482965,0.7458005460579503,,,0.0010187954069284788,,,,,1.0,,,,,,,DRN386,-68.46281432053321,GIF
0.08992611331941204,5.255858980922729,,-80.11474806430675,6.5,-53.463849574083355,-57.771155064505564,5HT,0.1,-0.017131680813514058,0.030981225989892176,0.003874706631824232,0.022877477792122604,0.01868353119484254,0.00018784612380387782,-0.0008089920713118406,529.0134804783445,-30.656508501107954,9.003323406177381,2.1747094873474464,,,0.0013496442945197314,,,,,1.0,,,,,,,JF3,-80.11474610503423,GIF
0.07881572174689568,3.538619217709909,,-69.91823654047204,6.5,-55.979830936774526,-44.48135538078477,5HT,0.1,-0.03638051294700054,0.03322671920027573,0.002549138645710862,-0.004691324548564671,0.01747618821544848,0.007028687092153554,-0.0011285022375629706,-21.429684587407188,25.06163405830215,11.8610463881963,1.2970636715616715,,,0.0015938480202156795,,,,,1.0,,,,,,,JF5,-69.9182357831702,GIF
0.04531387910762925,3.6531182148869297,,-62.55096411684665,6.5,-58.81041002380553,-47.84800995506342,5HT,0.1,-0.007986443602002074,0.007241010177069907,0.0010028049629597462,0.0014579469939008808,0.00882775450804831,0.0075719444019556196,-0.0003958437529008419,40971.679450561816,-23.647476340508096,-3.0652662169589875,7.233088474836672,,,0.001153123989596772,,,,,1.0,,,,,,,JF6,-62.5509643541023,GIF
0.051272600201609494,3.3025704290893203,,-49.09186921824344,6.5,-54.583709677054856,-45.00151912405507,5HT,0.1,-0.006647912752254721,0.013970607985233374,0.004132364628911294,-0.000689291239070562,0.005927483935761014,0.005516774125918541,-0.0013164815434239564,231.64527066425805,-18.30863658059824,3.0278861375290824,2.868045099353044,,,0.0015488258122741566,,,,,1.0,,,,,,,JF7,-49.09186935346923,GIF
0.09436121265644382,5.151440088742636,-101.0,-58.844483758570455,6.5,-53.55198388106613,-54.17785860915891,5HT,0.1,0.017686400857186823,0.0342999223163248,0.0020958298552760215,0.049526268666548676,-0.008602375685523621,-0.0004761139603653767,0.0006713319245571767,52927.0084777595,-37.56745723045544,9.210687211593532,4.043285764567962,0.005488199404749188,2.2847553500800277e-17,0.0008607353936910033,1.03,-59.2,-0.165,33.0,1.0,1.61,-23.7,0.0985,1.55,-24.3,0.216,DRN307,-63.87824058738172,AugmentedGIF
0.11484493871640979,3.100221755824847,-101.0,-78.70406024786985,6.5,-54.55562066504704,-52.01954318849065,5HT,0.1,0.03129746955055427,0.04400793497243446,0.006358690813819311,0.07509912014949328,-0.015407539063968589,0.008240557277847994,-0.002651975846049034,-96.25805739725524,83.0767419357803,33.07027853047598,1.5679520371490712,0.00948290846763545,1.6256023562682383e-25,0.0009223074992604037,1.03,-59.2,-0.165,33.0,1.0,1.61,-23.7,0.0985,1.55,-24.3,0.216,DRN308,-80.04469273724283,AugmentedGIF
0.11271855005269973,1.243869337885366,-101.0,-63.61394615277385,6.5,-56.135385462133065,-46.521983060373614,5HT,0.1,0.07073141561382358,0.060427578771127935,0.0018377368702530673,-0.027645458070436658,-0.02348689106834173,0.005463049641978427,-0.0008235359751801772,-117.18001951815353,105.71358286703816,10.527019407613578,-0.19605915395470927,0.0043249632190057756,2.557317843680261e-28,0.0018796484382616805,1.03,-59.2,-0.165,61.0,1.0,1.61,-23.7,0.0985,1.55,-24.3,0.216,DRN317,-65.25057174328693,AugmentedGIF
0.08779271488194319,2.370314148082983,-101.0,-59.092436753938806,6.5,-55.91928075680405,-44.941785316939196,5HT,0.1,0.022294449990636463,0.06333679404370256,0.001826631214970995,-0.016179612703940877,-0.006966666838849962,-0.002336368332816368,-3.237640721963056e-05,-23.41328770308533,16.46517368546895,15.640273696458127,-0.8499516985411595,0.005720019316922595,5.686786152290889e-24,0.0012604306539438768,1.03,-59.2,-0.165,82.0,1.0,1.61,-23.7,0.0985,1.55,-24.3,0.216,DRN318,-62.91725118792555,AugmentedGIF
0.12115755054788484,4.977855990593771,-101.0,-50.061295451405044,6.5,-49.18546139710574,-58.7389164548428,5HT,0.1,0.04841353676157226,0.021001866989923058,0.0052473782187971415,-0.08555357877413909,0.010993316193375617,-0.0008188556743165699,-0.004682186486278237,1136.5024628284038,-7.241189614227436,0.1736627747244519,2.3562866811649976,8.09841760032815e-17,7.201046730055111e-22,0.0013904974819264426,1.03,-59.2,-0.165,10.0,1.0,1.61,-23.7,0.0985,1.55,-24.3,0.216,DRN319,-50.061294560793506,AugmentedGIF
0.10337326286529278,2.659064526819056,-101.0,-76.59614412257052,6.5,-55.91023008914911,-52.97060739576216,5HT,0.1,-0.02316719613335228,0.007933941673680289,-0.0038172252931702004,0.12113917296902847,0.013427038936883694,0.032670989551488866,0.0013146248834954863,-557.303610960359,550.0350764598029,38.036443300786814,-0.6535539828435339,0.004736638871797008,5.48266153071963e-22,0.0012431780610333216,1.03,-59.2,-0.165,45.0,1.0,1.61,-23.7,0.0985,1.55,-24.3,0.216,DRN320,-77.31705282279955,AugmentedGIF
0.07224763757749324,4.7078688377558695,-101.0,-50.447329834666945,6.5,-53.85661985938296,-55.6169699633575,5HT,0.1,0.0013433799613465779,0.0212983627565342,-0.001142609302333462,0.0702309848543734,-0.0007627305555911695,0.005225471154372166,0.0017296265291558818,1315.1554602418075,-26.195891090302855,10.19687924756496,0.9512137181946776,0.005685148462463409,7.602436011686824e-21,0.0008152526577128324,1.03,-59.2,-0.165,33.0,1.0,1.61,-23.7,0.0985,1.55,-24.3,0.216,DRN321,-57.86339974518738,AugmentedGIF
0.05590722259475871,3.7540063401990134,-101.0,-57.54328455324898,6.5,-50.65467549502242,-50.255362243938706,5HT,0.1,-0.009408574644256786,0.018941336370707742,0.001382151122645524,0.09041318475874667,0.01964710614809596,0.007765377598522215,0.000173830273528586,933.22145272,-2.5532472349026003,9.978769184891265,-0.4664174365828861,0.0014415369101130778,1.2254454860087281e-20,0.0012301930017752192,1.03,-59.2,-0.165,45.0,1.0,1.61,-23.7,0.0985,1.55,-24.3,0.216,DRN324,-58.756290123041595,AugmentedGIF
0.056910920362322946,4.7452733719674525,-101.0,-61.89233663581568,6.5,-63.857361220808144,-55.55013580079903,5HT,0.1,-0.02330716329307588,0.004469693785504924,0.0009445066749360361,0.022585307905594126,0.012620004031244653,0.00446632096658678,-0.0009903206883805017,197.3446901768823,4.205830141845454,4.919586895732799,-0.6467903208442262,0.002727739269802874,0.004035660972021456,0.00104347454727995,1.03,-59.2,-0.165,150.0,1.0,1.61,-23.7,0.0985,1.55,-24.3,0.216,DRN325,-63.98260535785049,AugmentedGIF
0.08166422449651999,2.3822629692035124,-101.0,-56.928274910600834,6.5,-47.654813394062046,-45.14192859456796,5HT,0.1,-0.017795901135807424,0.030616862269198904,-0.00042493562921010935,0.25212571915519233,0.00295775151169754,0.01823607345173785,-0.0002734539464969707,-50.220122756522834,32.57555466409822,34.8375881330605,-1.746394244387472,0.004396750482149868,3.771947719511278e-21,0.0010303603227447677,1.03,-59.2,-0.165,45.0,1.0,1.61,-23.7,0.0985,1.55,-24.3,0.216,DRN327,-60.95555607674743,AugmentedGIF
0.0842770153993,7.326248109602455,-101.0,-55.61931097052679,6.5,-21.744849886470618,-47.3270141059034,5HT,0.1,-0.1310200383500094,-0.01649722798389312,0.004723191542807355,0.7483810346161174,0.12176438045446411,0.040231726872299096,-0.004590523526372691,-2005133.62956442,2005194.809596555,66.84259231710429,0.33866950312246047,0.00907538932456171,1.8608580395268514e-19,0.0006496374813222861,1.03,-59.2,-0.165,25.0,1.0,1.61,-23.7,0.0985,1.55,-24.3,0.216,DRN332,-65.42031950235204,AugmentedGIF
0.12688046673463213,4.206583256007143,-101.0,-86.99985892024732,6.5,-51.2305711976473,-57.26817114084835,5HT,0.1,0.03939271607326153,0.04768374331976483,0.005638300862759187,0.022543849583355143,-0.0274779618756551,0.003430673950452127,-0.0008326922976331331,25599287.58141264,-228.05798290335076,51.15307898851964,1.6786431452405592,0.003151687979999757,6.263991315836399e-24,0.0008701091240451813,1.03,-59.2,-0.165,10.0,1.0,1.61,-23.7,0.0985,1.55,-24.3,0.216,DRN384,-87.1583743288328,AugmentedGIF
0.10453294383676574,3.667619808291308,-101.0,-62.038764885897194,6.5,-50.750507003224556,-54.4456367580224,5HT,0.1,0.04719624062389704,0.01636589837721118,0.0031011499376652385,0.14983682447971897,0.018063820146259197,0.02242173434284256,0.00023368080243865431,-204.138503443353,205.07073275846054,29.1153829009289,0.6417235284565938,0.008962759580827534,1.423762356183138e-15,0.0010573437177834248,1.03,-59.2,-0.165,25.0,1.0,1.61,-23.7,0.0985,1.55,-24.3,0.216,DRN385,-67.15527456833566,AugmentedGIF
0.07044804055463565,4.35795303731299,-101.0,-60.67537455893718,6.5,-51.238883584626784,-50.65704746161953,5HT,0.1,0.0071536478365644175,0.022568668121273196,3.880424859045691e-05,0.028388285799877146,0.008832005775856192,0.015219450688165843,0.0006509211839157939,2862.0661410431117,-24.506212132586043,16.91172855764214,-0.7943576507651801,0.00720841779111387,1.3845827382374796e-26,0.0007353090392878327,1.03,-59.2,-0.165,33.0,1.0,1.61,-23.7,0.0985,1.55,-24.3,0.216,DRN386,-66.7911171937949,AugmentedGIF
0.08729479215814079,3.8993720903073554,-101.0,-77.68112629659689,6.5,-53.463849574083355,-54.87792430278963,5HT,0.1,-0.011332928776445692,0.03215061992354712,0.0029384443811993955,0.021740560736742444,0.01716848635940599,0.001032720068992755,-0.0004744043727355811,516.4881396799653,-29.64952574960624,12.270407581434226,0.47615538213372455,0.007316965138329058,1.2038791553358536e-14,0.0011459445151074737,1.03,-59.2,-0.165,18.0,1.0,1.61,-23.7,0.0985,1.55,-24.3,0.216,JF3,-78.68617368755997,AugmentedGIF
0.07390555751638525,1.534313214676875,-101.0,-67.66318877653067,6.5,-55.979830936774526,-44.17485342297209,5HT,0.1,-0.012783802755714016,0.04312708479106209,0.0005803674346278193,-0.014395312835700124,-0.0003913793349722486,0.008190730990109432,-0.0004773765358832185,6797093.41071365,-16.813668051706898,9.511012391813281,1.47840504735593,0.004313203379767986,0.0011266767634474696,0.0012699366140948756,1.03,-59.2,-0.165,82.0,1.0,1.61,-23.7,0.0985,1.55,-24.3,0.216,JF5,-69.3251079000229,AugmentedGIF
0.0431790538244223,2.2302346838491323,-101.0,-60.174252710975125,6.5,-58.81041002380553,-45.571608589419434,5HT,0.1,0.0013193714285595444,0.012448759869313066,0.00023972475254361404,-0.002898784513478427,0.0015506790315770972,0.007573634707809497,-0.0001875252237421048,53563.3601717792,-24.498457433276524,4.768902781112915,3.4043914993045026,0.002246135933212183,9.033245212890282e-27,0.0009852839300704434,1.03,-59.2,-0.165,82.0,1.0,1.61,-23.7,0.0985,1.55,-24.3,0.216,JF6,-62.18502130245248,AugmentedGIF
0.04823503512074825,1.523612988077971,-101.0,-45.15571402472259,6.5,-54.583709677054856,-42.54054041031227,5HT,0.1,0.0035499168261170035,0.015138610957838507,0.0012427244628640459,-0.0051740732546964015,-0.00010485960530925963,0.00937671429087729,-0.0004148751385908939,458.64728908904635,-14.379593595095345,4.914538079324769,1.5800787504397777,0.0022244193037346542,0.0003135432438694875,0.0013192569616643564,1.03,-59.2,-0.165,150.0,1.0,1.61,-23.7,0.0985,1.55,-24.3,0.216,JF7,-46.92861831390915,AugmentedGIF
0.0991646320729494,5.414153434599035,,-64.4566997623146,6.5,-53.55198388106613,-34.72048827059899,5HT,0.1,0.008589945945949242,0.028477003295473577,0.002652258086026364,0.05572717511863413,-0.003864817755465549,-0.0002224286401520429,0.0006695844399387347,62825.24332208434,-60.84359147594794,7.562419033371545,1.4552371505997193,,,0.0011011578076154716,,,,,1.0,,,,,,,DRN307,-64.45670316642952,iGIF_NP
0.12181232664186299,4.504285220795268,,-80.40297831260699,6.5,-54.55562066504704,-30.20057719990072,5HT,0.1,0.024262144481414876,0.03874559746686176,0.008134587665847492,0.07965328453188933,-0.013658162345356087,0.007560321140375293,-0.0032541011938509094,-236.8049937151418,211.3370678720214,32.116737570250095,3.2838291306624408,,,0.0013410718750728066,,,,,1.0,,,,,,,DRN308,-80.40297699732136,iGIF_NP
0.11512529689654778,0.8653868321641102,,-64.85140711106986,6.5,-56.135385462133065,-47.06659479524521,5HT,0.1,0.06853693660500722,0.05586643774410389,0.0028413826228619577,-0.025441968793895244,-0.022651988531934692,0.006485289127267043,-0.0010523126111429903,-20.303302558238936,19.099101744322237,2.283695996162165,0.05227233656425206,,,0.0022721522823327695,,,,,1.0,,,,,,,DRN317,-64.85140989606947,iGIF_NP
0.09417288304723423,1.245645317248868,,-63.56535088613511,6.5,-55.91928075680405,-46.56391822583149,5HT,0.1,0.01740852520807872,0.05729858169159931,0.0037760546816717326,-0.016149818472418323,-0.0022132031356260204,-0.00399937732970675,-0.0005926101002609767,-19.9270556820513,18.246210719793172,1.2107790889506667,0.4051780767021716,,,0.0016536020886449255,,,,,1.0,,,,,,,DRN318,-63.56534958634344,iGIF_NP
0.10576909760074607,2.0344807211605147,,-54.18654438674012,6.5,-49.18546139710574,-53.001099056945115,5HT,0.1,0.030981359807120162,0.007374813538788398,0.007066676878514079,-0.0674687826115244,0.026208626675192352,0.00022583607804886263,-0.006006814581947814,212.67436109533276,6.157223481440393,-0.40879577154680885,0.6976860071926982,,,0.0018984205238352185,,,,,1.0,,,,,,,DRN319,-54.186542521727674,iGIF_NP
0.10598551455389196,3.1668335889496713,,-77.66045933120787,6.5,-55.91023008914911,-43.399609210348444,5HT,0.1,-0.029524075188938313,0.0028620275464726294,-0.0027103001762381405,0.12236062530480882,0.018547663212266648,0.03220974493024591,0.0011363738256202503,-38.081807013402994,7.5127492688929784,52.85769035206029,-0.47098773760025703,,,0.0014798303922763803,,,,,1.0,,,,,,,DRN320,-77.66046141378685,iGIF_NP
0.07536792074664812,5.6909406739797666,,-58.45118492950399,6.5,-53.85661985938296,-42.01669161604926,5HT,0.1,-0.005190697793374408,0.0186617926934783,-0.0006930805767653632,0.07377214277130743,0.0013866207945241646,0.004873449215513932,0.0016120866095130945,1849.2215001556556,-48.45864508530552,11.418549287731834,-0.1321701146677124,,,0.001010425675446872,,,,,1.0,,,,,,,DRN321,-58.45118332831369,iGIF_NP
0.057376113533958904,1.949404260638604,,-58.94301978355612,6.5,-50.65467549502242,-46.046360895476084,5HT,0.1,-0.009947769590490133,0.016924855963339345,0.0014870035572369805,0.08995679126005589,0.020624934248270183,0.007852173060691149,0.0002469168561808537,1428.0032482270137,5.544299941610296,1.7444559920373892,-0.0647812838813446,,,0.0013458616577433113,,,,,1.0,,,,,,,DRN324,-58.94301986646585,iGIF_NP
0.06040552359899429,1.811221760034708,,-65.86583332377455,6.5,-63.857361220808144,-62.69778945304465,5HT,0.1,-0.03592151787908788,0.004705950042735961,0.0020315339927186845,0.02847416002279608,0.014602810607873393,0.004222465736777566,-0.0014133464705214911,337.58180854429946,20.13080154853795,0.7480377710869238,-0.3234350777791916,,,0.001274870528914604,,,,,1.0,,,,,,,DRN325,-65.86583707555995,iGIF_NP
0.08636385611923605,1.8525607035799185,,-61.54747194914875,6.5,-47.654813394062046,-47.57568209891261,5HT,0.1,-0.019938395437092003,0.026537984115386097,-0.000598733440193672,0.25820137532605425,0.004317288961044048,0.01854062224904616,-0.00011646005033829463,-1.8825034313273479,9.515958933847955,9.000300687584872,-0.01868498805038663,,,0.001284283828213626,,,,,1.0,,,,,,,DRN327,-61.54747010340381,iGIF_NP
0.09407197381134405,7.0772999365603875,,-65.49849000995532,6.5,-21.744849886470618,-46.58928539455041,5HT,0.1,-0.14645472635203102,-0.02143010269464816,0.005996055715605628,0.8236993716365193,0.1262773150161199,0.04031418826287099,-0.004777410282471212,-1985759.849063358,1985852.8170804759,39.81491163611307,-0.519393777231943,,,0.0009797238366801677,,,,,1.0,,,,,,,DRN332,-65.49848938349086,iGIF_NP
0.1282052165075235,4.495715446882149,,-87.26223866938919,6.5,-51.2305711976473,-50.01264033153348,5HT,0.1,0.03732160777920955,0.04872215944368108,0.005981180610727284,0.02074463022845958,-0.027663845192895976,0.002495340773264211,-0.0009019540096726376,23034339.667863723,-212.57098375506965,46.179930665179945,0.2719594720927716,,,0.0009603544371658308,,,,,1.0,,,,,,,DRN384,-87.26223755524492,iGIF_NP
0.108776758597174,2.3880408329431164,,-67.95844079503867,6.5,-50.750507003224556,-54.688970609697094,5HT,0.1,0.05008300169556953,0.01649948453817434,0.004061880604439339,0.14574285428359732,0.014191580836781188,0.020338062168770574,4.005965117090772e-05,-80.17459178210682,87.29238096120854,15.147952063974953,0.8368508002927179,,,0.0013845535068264625,,,,,1.0,,,,,,,DRN385,-67.95844267714845,iGIF_NP
0.07592693807245149,5.037597785797129,,-68.46281249369981,6.5,-51.238883584626784,-41.36711303176015,5HT,0.1,0.0035567845302490455,0.017236215436184858,-0.00027192083416885805,0.030593945708200912,0.010794013454495273,0.015689097378296275,0.0008011814495605264,2034.4832340572466,-34.195244612654086,13.515512589110923,-0.5232453457431787,,,0.0010187954069284788,,,,,1.0,,,,,,,DRN386,-68.46281432053321,iGIF_NP
0.08992611331941204,3.645139805921334,,-80.11474806430675,6.5,-53.463849574083355,-42.348720221626806,5HT,0.1,-0.017131680813514058,0.030981225989892176,0.003874706631824232,0.022877477792122604,0.01868353119484254,0.00018784612380387782,-0.0008089920713118406,390.520653745246,-36.52596917338707,11.276914802581075,-0.2159761903151935,,,0.0013496442945197314,,,,,1.0,,,,,,,JF3,-80.11474610503423,iGIF_NP
0.07881572174689568,1.3756177527289004,,-69.91823654047204,6.5,-55.979830936774526,-44.54072729955746,5HT,0.1,-0.03638051294700054,0.03322671920027573,0.002549138645710862,-0.004691324548564671,0.01747618821544848,0.007028687092153554,-0.0011285022375629706,5844217.146307395,-12.999013190638701,2.422031934942073,1.3152363520029362,,,0.0015938480202156795,,,,,1.0,,,,,,,JF5,-69.9182357831702,iGIF_NP
0.04531387910762925,1.2640472060013086,,-62.55096411684665,6.5,-58.81041002380553,-42.605474575587884,5HT,0.1,-0.007986443602002074,0.007241010177069907,0.0010028049629597462,0.0014579469939008808,0.00882775450804831,0.0075719444019556196,-0.0003958437529008419,18406.64692859792,-5.328042928068992,0.7692083206734575,1.1688608458290823,,,0.001153123989596772,,,,,1.0,,,,,,,JF6,-62.5509643541023,iGIF_NP
0.051272600201609494,0.8636660764133536,,-49.09186921824344,6.5,-54.583709677054856,-41.619728325901754,5HT,0.1,-0.006647912752254721,0.013970607985233374,0.004132364628911294,-0.000689291239070562,0.005927483935761014,0.005516774125918541,-0.0013164815434239564,326.1208208721049,-2.665847529047767,0.9658585566502341,0.908810114273517,,,0.0015488258122741566,,,,,1.0,,,,,,,JF7,-49.09186935346923,iGIF_NP
0.0991646320729494,,,-64.4566997623146,6.5,,,5HT,0.1,0.008589945945949242,0.028477003295473577,0.002652258086026364,0.05572717511863413,-0.003864817755465549,-0.0002224286401520429,0.0006695844399387347,,,,,,,0.0011011578076154716,,,,,1.0,,,,,,,DRN307,-64.4567031664295,iGIF_VR
0.12181232664186299,3.3565472297996237,,-80.40297831260699,6.5,,-18.47710018442947,5HT,0.1,0.024262144481414876,0.03874559746686176,0.008134587665847492,0.07965328453188933,-0.013658162345356087,0.007560321140375293,-0.0032541011938509094,-49.618066458656074,11.11431094025772,26.20324845439302,3.023728828232468,,,0.0013410718750728066,,,,,1.0,,,,,,,DRN308,-80.40297699732137,iGIF_VR
0.11512529689654778,0.8826783473078526,,-64.85140711106986,6.5,,-47.070732811628915,5HT,0.1,0.06853693660500722,0.05586643774410389,0.0028413826228619577,-0.025441968793895244,-0.022651988531934692,0.006485289127267043,-0.0010523126111429903,-10.009387273534278,16.11163631176854,2.377926593441287,0.0405709769661596,,,0.0022721522823327695,,,,,1.0,,,,,,,DRN317,-64.85140989606947,iGIF_VR
0.09417288304723423,1.2434767832827038,,-63.56535088613511,6.5,,-46.58070376797879,5HT,0.1,0.01740852520807872,0.05729858169159931,0.0037760546816717326,-0.016149818472418323,-0.0022132031356260204,-0.00399937732970675,-0.0005926101002609767,-8.476554556224379,16.629841798685415,1.2827046010939438,0.40777701963756613,,,0.0016536020886449255,,,,,1.0,,,,,,,DRN318,-63.56534958634343,iGIF_VR
0.10576909760074607,1.9041322075427838,,-54.18654438674012,6.5,,-56.24810346965532,5HT,0.1,0.030981359807120162,0.007374813538788398,0.007066676878514079,-0.0674687826115244,0.026208626675192352,0.00022583607804886263,-0.006006814581947814,566.1196865049576,3.221679781969909,-0.24195393306654725,0.6263546872077832,,,0.0018984205238352185,,,,,1.0,,,,,,,DRN319,-54.18654252172767,iGIF_VR
0.10598551455389196,,,-77.66045933120787,6.5,,,5HT,0.1,-0.029524075188938313,0.0028620275464726294,-0.0027103001762381405,0.12236062530480882,0.018547663212266648,0.03220974493024591,0.0011363738256202503,,,,,,,0.0014798303922763803,,,,,1.0,,,,,,,DRN320,-77.66046141378685,iGIF_VR
0.07536792074664812,,,-58.45118492950399,6.5,,,5HT,0.1,-0.005190697793374408,0.0186617926934783,-0.0006930805767653632,0.07377214277130743,0.0013866207945241646,0.004873449215513932,0.0016120866095130945,,,,,,,0.001010425675446872,,,,,1.0,,,,,,,DRN321,-58.4511833283137,iGIF_VR
0.057376113533958904,2.0095085974174194,,-58.94301978355612,6.5,,-46.235233766467005,5HT,0.1,-0.009947769590490133,0.016924855963339345,0.0014870035572369805,0.08995679126005589,0.020624934248270183,0.007852173060691149,0.0002469168561808537,2376.77237341702,6.181673717910681,1.9094233838031887,-0.09711007074479235,,,0.0013458616577433113,,,,,1.0,,,,,,,DRN324,-58.94301986646586,iGIF_VR
0.06040552359899429,1.8007484491902344,,-65.86583332377455,6.5,,-67.79051795091489,5HT,0.1,-0.03592151787908788,0.004705950042735961,0.0020315339927186845,0.02847416002279608,0.014602810607873393,0.004222465736777566,-0.0014133464705214911,967.7803328684649,25.72612227757209,0.22679917705179833,-0.26950491016474387,,,0.001274870528914604,,,,,1.0,,,,,,,DRN325,-65.86583707555994,iGIF_VR
0.08636385611923605,2.514605308855787,,-61.54747194914875,6.5,,-41.411450695660506,5HT,0.1,-0.019938395437092003,0.026537984115386097,-0.000598733440193672,0.25820137532605425,0.004317288961044048,0.01854062224904616,-0.00011646005033829463,-9.687855917765036,30.66428511350873,14.176346711416933,0.40806598431066843,,,0.001284283828213626,,,,,1.0,,,,,,,DRN327,-61.54747010340381,iGIF_VR
0.09407197381134405,7.570472725010701,,-65.49849000995532,6.5,,6.211010382944682,5HT,0.1,-0.14645472635203102,-0.02143010269464816,0.005996055715605628,0.8236993716365193,0.1262773150161199,0.04031418826287099,-0.004777410282471212,-1964829.599332387,1964924.0315150148,-7.608195235545986,1.7322847717529768,,,0.0009797238366801677,,,,,1.0,,,,,,,DRN332,-65.49848938349086,iGIF_VR
0.1282052165075235,,,-87.26223866938919,6.5,,,5HT,0.1,0.03732160777920955,0.04872215944368108,0.005981180610727284,0.02074463022845958,-0.027663845192895976,0.002495340773264211,-0.0009019540096726376,,,,,,,0.0009603544371658308,,,,,1.0,,,,,,,DRN384,-87.26223755524492,iGIF_VR
0.108776758597174,2.926741978857672,,-67.95844079503867,6.5,,-40.14401860579326,5HT,0.1,0.05008300169556953,0.01649948453817434,0.004061880604439339,0.14574285428359732,0.014191580836781188,0.020338062168770574,4.005965117090772e-05,-789.7752303449582,791.564527049168,18.2223337428306,0.22262065029784175,,,0.0013845535068264625,,,,,1.0,,,,,,,DRN385,-67.95844267714844,iGIF_VR
0.07592693807245149,3.8770715605154584,,-68.46281249369981,6.5,,-19.256385474437373,5HT,0.1,0.0035567845302490455,0.017236215436184858,-0.00027192083416885805,0.030593945708200912,0.010794013454495273,0.015689097378296275,0.0008011814495605264,2375.031799174488,-40.163799061699,12.72888863731072,-1.0520823438604427,,,0.0010187954069284788,,,,,1.0,,,,,,,DRN386,-68.46281432053323,iGIF_VR
0.08992611331941204,3.241888061428762,,-80.11474806430675,6.5,,-28.513232092092828,5HT,0.1,-0.017131680813514058,0.030981225989892176,0.003874706631824232,0.022877477792122604,0.01868353119484254,0.00018784612380387782,-0.0008089920713118406,280.85911730338074,-35.996366513246976,11.66869076955131,-0.4586247940158329,,,0.0013496442945197314,,,,,1.0,,,,,,,JF3,-80.11474610503423,iGIF_VR
0.07881572174689568,1.3914157576673962,,-69.91823654047204,6.5,,-44.60032472936072,5HT,0.1,-0.03638051294700054,0.03322671920027573,0.002549138645710862,-0.004691324548564671,0.01747618821544848,0.007028687092153554,-0.0011285022375629706,5037227.052540536,-11.407833365621121,2.510290111965681,1.3179347436922721,,,0.0015938480202156795,,,,,1.0,,,,,,,JF5,-69.91823578317019,iGIF_VR
0.04531387910762925,1.2778358108029033,,-62.55096411684665,6.5,,-42.6345131192944,5HT,0.1,-0.007986443602002074,0.007241010177069907,0.0010028049629597462,0.0014579469939008808,0.00882775450804831,0.0075719444019556196,-0.0003958437529008419,18977.30660714629,-4.60732658652907,0.7572938094806556,1.1955248496437034,,,0.001153123989596772,,,,,1.0,,,,,,,JF6,-62.5509643541023,iGIF_VR
0.051272600201609494,0.8638582010142272,,-49.09186921824344,6.5,,-41.621139406178166,5HT,0.1,-0.006647912752254721,0.013970607985233374,0.004132364628911294,-0.000689291239070562,0.005927483935761014,0.005516774125918541,-0.0013164815434239564,329.1817794046786,-2.6272465463244177,0.9659952061446254,0.9099216497573738,,,0.0015488258122741566,,,,,1.0,,,,,,,JF7,-49.09186935346923,iGIF_VR
0.05079904536155712,15.500606883161739,,-46.39424539359242,4.0,-43.49796796039403,-96.16832305995943,GABA,0.1,-0.04085255031445204,-0.020031525196539356,-6.630155637694101e-05,0.06791678938317984,0.015243516565371453,0.006022626078169627,7.253841540503341e-06,576.1316270746959,2.9380740656105897,5.447361029056887,0.05742693669453117,,,0.000930969041973019,,,,,1.0,,,,,,,DRN351,-46.39424514911313,GIF
0.06345188649783233,3.050687376128254,,-66.43368346931591,4.0,-58.65887979056231,-71.97485613631817,GABA,0.1,-0.04048054881123642,-0.02134657411439435,-0.002142906562228348,0.05078216647291108,0.010876343157510517,0.005576993292402789,0.0006053222349062891,-17.401450272722567,26.346241350387526,1.7782354038220398,-0.11236753767607573,,,0.00292883478449755,,,,,1.0,,,,,,,DRN354,-66.43368529223545,GIF
0.04510770817502735,8.97617984853113,,-48.16379789533032,4.0,-49.98256464996868,-82.12233351068139,GABA,0.1,-0.02306502367619085,-0.0036157906631711055,-0.0003105536887846455,0.007234950480306381,-0.013340780121347724,0.004035399107764503,-9.831716939772134e-05,27.713034165132377,16.57206844068451,2.7428518537815774,-0.04894264607512065,,,0.001458350045289868,,,,,1.0,,,,,,,DRN355,-48.163799277925754,GIF
0.06506511167843626,1.8346731385535051,,-70.07192989521948,4.0,-54.79576398025309,-56.161986028867304,GABA,0.1,-0.01876359917842611,-0.0016674979046949513,-0.001966959861952502,-0.1171687634750027,-0.004601896913940697,0.0031615627494526325,0.0007180694446448976,-4.462553731177018,10.751940141039608,0.4468492611523562,0.14170917670077182,,,0.004128864099251853,,,,,1.0,,,,,,,DRN356,-70.07192993143207,GIF
0.07728196130005435,2.2386343487190663,,-70.45053621576835,4.0,-63.66619870178422,-66.42806588607104,GABA,0.1,-0.011918076821539421,-0.010626755620381166,-0.002051215766206933,-0.1431248516384275,-0.027916348644409245,0.004660915508298492,0.0011787975624418937,5.35472651573385,20.168616065969577,1.1811806360396,-0.09478427973500232,,,0.004801388779074471,,,,,1.0,,,,,,,DRN357,-70.45053862139892,GIF
0.03251526688740585,2.271317534334177,,-65.34782658862471,4.0,-70.4347166459087,-65.65977057522767,GABA,0.1,0.013388340994202998,0.0005398328320115793,0.0005269335357219023,-0.036972134549607086,0.007412769524387781,-0.001302801915264338,-0.00015446776320786137,-3.541608829061044,3.5667487820511576,1.6624379037687975,-0.146793241228779,,,0.00037542143196416726,,,,,1.0,,,,,,,SOM_6_LW,-65.34782411094959,GIF
0.06187600018713412,1.8514900119747946,,-74.48750001210287,4.0,-62.66461659722447,-62.217192772120626,GABA,0.1,0.02585425235394714,0.001726151531420526,-0.0005936385946954906,-0.1418971230257418,-0.028828098520803577,0.0017335798157531446,0.00039207492844957846,-13.3511570223597,14.033818418116507,2.3214138314466384,-0.10845157551407139,,,0.00321677918871892,,,,,1.0,,,,,,,SOM_9_LW,-74.48750303435148,GIF
0.029732741389215743,4.0692461860268185,,-66.99003259370328,4.0,-59.508261846181334,-62.96081921163269,GABA,0.1,0.018938588634696184,-0.0029235114598104746,0.0002949670517029711,0.012470936625271958,-0.002151160494615613,-0.0005646649698208123,-0.0006477772565764386,5.929121331548869,15.133742392566656,-2.2562086631795686,0.4120140393239775,,,0.00274838851647422,,,,,1.0,,,,,,,SOM_14_LW,-66.9900359911748,GIF
0.14509168278580276,0.9970098490879253,,-77.76947339704837,4.0,-57.19705947724007,-57.61910010319835,GABA,0.1,0.10865785001000683,0.01429755655617244,0.0007651334227217058,-0.29149456924848327,-0.005323139383639838,-0.00045874119569242936,-0.00032357378181568827,-3.1585078024970006,7.767603519048495,0.8040308929304684,-0.004687973770109431,,,0.005303833563074322,,,,,1.0,,,,,,,DRN415,-77.76947023306639,GIF
0.07003983735864283,2.146314453876575,,-53.961752485004766,4.0,-42.0451517577954,-43.685277347880394,GABA,0.1,-0.14694196656160327,-0.018294740727646704,-0.002032848582300234,0.10672812635828229,0.0361034627077798,0.009153701942789411,1.660738173065248e-05,-21.062968968154674,24.55981189058225,2.9928682150045387,0.2654251094686622,,,0.0013106732513840152,,,,,1.0,,,,,,,DRN416,-53.96175383742571,GIF
0.08629818254550772,3.1302056570299035,,-45.099215565013026,4.0,-35.35115328383887,-49.708417929493436,GABA,0.1,-0.08002577193130166,-0.020331731217428307,-0.0002933178471380582,0.06540522726988385,0.04172638589164552,0.001691626424946726,-5.163874186966519e-05,-5.081669911977706,14.134718885335918,6.971750467099267,-0.2568519961550301,,,0.0015206671549321817,,,,,1.0,,,,,,,DRN419,-45.09921645604981,GIF
0.0782272102264178,5.449861348190797,,-64.4204138245491,4.0,-54.352102661889916,-61.40664363313995,GABA,0.1,-0.1787428690191966,-0.028678892991917154,-0.005879970395269052,0.29971628629478586,0.052523790497465556,0.021948969792468218,0.0027975621169287657,514.4049513912161,-19.851098775844914,10.82204413263379,0.7967848984188247,,,0.0019825216311800736,,,,,1.0,,,,,,,DRN421,-64.42041017725622,GIF
0.07452836258327565,1.5177382924703893,,-79.06579693963653,4.0,-60.78745156049825,-62.00467855926601,GABA,0.1,-0.014216811321913759,-0.004186127523766843,-0.0005964498816295509,-0.11230852874823623,0.009737680151951448,0.0026176911696134003,1.468659606276497e-05,-1.6499424175046566,4.416345836283058,2.17540979940885,0.04284601329054769,,,0.001254824057532112,,,,,1.0,,,,,,,DRN422,-79.06579590439982,GIF
0.033577811137702814,3.1425894723912533,,-65.00077158534192,4.0,-48.40999810097137,-56.97434681935596,GABA,0.1,-0.016506993293157513,-0.005489731497316274,-0.0015352879184618387,0.1097761075192453,0.018854503637664763,0.003447292183060692,6.059116840384028e-05,-11.05289310676205,19.341049591374446,4.107537033784227,0.25301250696877725,,,0.0008989553693928127,,,,,1.0,,,,,,,DRN424,-65.00077057466852,GIF
0.05060452716198721,9.528202439043234,-101.0,-39.71986101436169,4.0,-43.49796796039403,-78.6880162376601,GABA,0.1,-0.0436262589395439,-0.019945758948510136,-0.00035214589044587177,0.075261648369969,0.016347753199984553,0.007027902648589042,1.7745494839526394e-05,337.2936076713874,9.374600365831167,4.223010716403049,-0.06141274007968229,0.00019276865955393752,0.000532874674007807,0.0007510785657923936,1.03,-59.2,-0.165,33.0,1.0,1.61,-23.7,0.0985,1.55,-24.3,0.216,DRN351,-41.47507857245213,AugmentedGIF
0.06094104742002288,2.4004037268622125,-101.0,-60.05398619970138,4.0,-58.65887979056231,-68.03322634152146,GABA,0.1,-0.06778754712170196,-0.02060080654412623,-0.0022713964946379714,0.07326016399109239,0.019613786963187035,0.005899436977384685,0.0006003455206822545,-7.956603208250044,19.488020455596473,1.8842215987018136,-0.10968794366181703,0.014733691935060356,0.0026166264318822972,0.0022116831578994633,1.03,-59.2,-0.165,10.0,1.0,1.61,-23.7,0.0985,1.55,-24.3,0.216,DRN354,-64.92620906719227,AugmentedGIF
0.044338492143415634,6.457144465487727,-101.0,-43.317965195972086,4.0,-49.98256464996868,-73.92025645345453,GABA,0.1,-0.037131797514090105,-0.003909329336000729,-0.0005899209799276927,0.017889047796195268,-0.006655658065749873,0.004492490598185138,-6.256427434032522e-05,11.13308507936918,19.049058357994728,1.4038897869885447,0.028946421927204147,0.0023436205737196888,0.00038873790063355076,0.00126789949564473,1.03,-59.2,-0.165,10.0,1.0,1.61,-23.7,0.0985,1.55,-24.3,0.216,DRN355,-45.2641419817051,AugmentedGIF
0.06543049637068399,1.2572843162255043,-101.0,-68.04978704434774,4.0,-54.79576398025309,-52.82952078684255,GABA,0.1,-0.03238534543201719,-0.003495658010447511,-0.002441141207579627,-0.12179316738344603,0.00770320535134364,0.004357560542481532,0.0007428321230430047,3.480534983682559,7.384386229123933,0.5270143751660079,0.08231424523811232,0.007638522838020216,0.008949639246081309,0.0035117506431622467,1.03,-59.2,-0.165,10.0,1.0,1.61,-23.7,0.0985,1.55,-24.3,0.216,DRN356,-69.14060657753319,AugmentedGIF
0.07823910608325182,2.363014313236082,-101.0,-70.04530656124254,4.0,-63.66619870178422,-66.58705804132455,GABA,0.1,-0.010930338442136043,-0.0096265557160983,-0.0019203407230274831,-0.15233270697385695,-0.020861499919981867,0.004501559727244286,0.001044137843632401,2.370984130856332,19.51363607057056,1.2552006465333545,-0.08556421371676294,0.00011284259476790265,0.0007984372319921212,0.004384525098025105,1.03,-59.2,-0.165,33.0,1.0,1.61,-23.7,0.0985,1.55,-24.3,0.216,DRN357,-70.05739596775481,AugmentedGIF
0.03166929051846728,2.3110726764282297,-101.0,-65.49129461428595,4.0,-70.4347166459087,-65.63873163043647,GABA,0.1,0.012655375181080633,0.00045721298575946947,0.0004883145338370517,-0.036130215055471024,0.00745732643175692,-0.0012339268769197627,-0.00014813861970092596,-4.45827190048147,3.9738731761288966,1.7213511406198774,-0.14452662315816797,6.538723009785476e-21,8.00692635492353e-21,0.0003703573087272419,1.03,-59.2,-0.165,10.0,1.0,1.61,-23.7,0.0985,1.55,-24.3,0.216,SOM_6_LW,-65.49129485942798,AugmentedGIF
0.06073734548205101,1.8891503510046017,-101.0,-74.58223136283111,4.0,-62.66461659722447,-62.0786165061228,GABA,0.1,0.023927326216174254,0.0015171670691409881,-0.0006318063461321907,-0.14112120732894134,-0.027389907753396673,0.001804869053912079,0.0003844214735451457,-13.690444355568115,14.126856709460238,2.366119281136882,-0.10508087538337993,7.131448098365426e-29,1.8474209913536416e-24,0.0031476225783268552,1.03,-59.2,-0.165,10.0,1.0,1.61,-23.7,0.0985,1.55,-24.3,0.216,SOM_9_LW,-74.58222962427087,AugmentedGIF
0.02927478139793572,3.910671236594117,-101.0,-66.63450850428258,4.0,-59.508261846181334,-61.99896191516719,GABA,0.1,0.017557160277734657,-0.0027639636510123104,0.0002885211564722248,0.0131115930908988,-0.001474862885426735,-0.0005720093423761865,-0.0006411466220543926,7.031395562064479,14.329617406368385,-2.11234414360162,0.39293437198764997,0.0003940484371640177,2.598044687293816e-32,0.0026666737520273077,1.03,-59.2,-0.165,150.0,1.0,1.61,-23.7,0.0985,1.55,-24.3,0.216,SOM_14_LW,-66.72721667818685,AugmentedGIF
0.14299088194409887,1.0278411133848757,-101.0,-78.15031990729496,4.0,-57.19705947724007,-57.610359919945864,GABA,0.1,0.10926840480834607,0.014104043191736401,0.0007164200409710289,-0.2955738381856365,-0.004927202066157428,-0.00037375169651348336,-0.0003268821956919065,-3.480647575528229,7.809823281692571,0.8511691057058903,-0.003990522515334991,1.6743737615677192e-31,6.506299187686807e-28,0.005158776086662416,1.03,-59.2,-0.165,10.0,1.0,1.61,-23.7,0.0985,1.55,-24.3,0.216,DRN415,-78.15032194869201,AugmentedGIF
0.06892153439793584,2.1883191008775182,-101.0,-53.812523615989384,4.0,-42.0451517577954,-43.42882544654846,GABA,0.1,-0.15148575771469552,-0.018979021782378206,-0.002119945764476645,0.11525632584973187,0.03860962729701837,0.009412399919969706,3.5633022060439036e-05,-20.433952354981173,24.239646452618814,3.011451559539103,0.27650252443417994,4.754939343081335e-27,0.0,0.0012822391825007807,1.03,-59.2,-0.165,10.0,1.0,1.61,-23.7,0.0985,1.55,-24.3,0.216,DRN416,-53.81252289235131,AugmentedGIF
0.08329712565318224,3.4879777809631367,-101.0,-42.28037635222092,4.0,-35.35115328383887,-50.17872334397,GABA,0.1,-0.09178228828745112,-0.018050050045352175,-0.00018217861587145842,0.07401654539756565,0.04505635916752087,0.0013221367338367863,-0.00010110140679113864,-2.0438911870454244,13.32263499222755,7.427873585170391,-0.3034740798737121,0.0026388369948253283,7.210116407698693e-17,0.0014071079825502446,1.03,-59.2,-0.165,10.0,1.0,1.61,-23.7,0.0985,1.55,-24.3,0.216,DRN419,-43.86143186031709,AugmentedGIF
0.07582214563614792,4.2289470516838845,-101.0,-58.29036079029311,4.0,-54.352102661889916,-59.643621021313976,GABA,0.1,-0.18454507213717733,-0.027018521880334063,-0.0062048721534830814,0.31308162404775425,0.058085901904900566,0.02203804270856474,0.0028086748487106566,429.3813377363555,-11.852998195612797,8.037923064777916,0.9193317054470738,0.009021894081306919,4.700013793523421e-26,0.0015538297397682311,1.03,-59.2,-0.165,13.0,1.0,1.61,-23.7,0.0985,1.55,-24.3,0.216,DRN421,-63.11985048561861,AugmentedGIF
0.07356402421893475,1.543852037126205,-101.0,-79.24535097807204,4.0,-60.78745156049825,-61.86347999876155,GABA,0.1,-0.015566960092712568,-0.004175863235742202,-0.0006092894184162799,-0.11111168623858937,0.010446707092085736,0.002635233428332719,1.5305542389229264e-05,-1.5914712801603847,4.273270033688996,2.2080727065906256,0.04292130376614596,5.745146490967881e-30,4.025954927382795e-31,0.0012227600405499788,1.03,-59.2,-0.165,18.0,1.0,1.61,-23.7,0.0985,1.55,-24.3,0.216,DRN422,-79.24535368315085,AugmentedGIF
0.03275360979431775,2.615355274612776,-101.0,-61.595455020791924,4.0,-48.40999810097137,-53.83557438127917,GABA,0.1,-0.021769247439733113,-0.0058048689216503285,-0.0015632435821795602,0.11283659262663792,0.020896127782691922,0.004036089722100046,3.9622113507870496e-05,42.44226701408368,10.611380055474713,4.160587517030023,0.06577325828815207,0.0014044648711750943,1.1571308850913926e-27,0.0007883232037146121,1.03,-59.2,-0.165,150.0,1.0,1.61,-23.7,0.0985,1.55,-24.3,0.216,DRN424,-63.08110452315706,AugmentedGIF
0.05079904536155712,2.0392506327847486,,-46.39424539359242,4.0,-43.49796796039403,-54.99144079889866,GABA,0.1,-0.04085255031445204,-0.020031525196539356,-6.630155637694101e-05,0.06791678938317984,0.015243516565371453,0.006022626078169627,7.253841540503341e-06,234.95616846581547,0.5829101664358877,1.4029755647908686,-0.020183849270962107,,,0.000930969041973019,,,,,1.0,,,,,,,DRN351,-46.39424514911313,iGIF_NP
0.06345188649783233,1.6959968587390237,,-66.43368346931591,4.0,-58.65887979056231,-65.2418224982088,GABA,0.1,-0.04048054881123642,-0.02134657411439435,-0.002142906562228348,0.05078216647291108,0.010876343157510517,0.005576993292402789,0.0006053222349062891,49.361361102053785,8.982532392723295,1.3141493305941174,-0.08484191878623656,,,0.00292883478449755,,,,,1.0,,,,,,,DRN354,-66.43368529223545,iGIF_NP
0.04510770817502735,1.81798187207591,,-48.16379789533032,4.0,-49.98256464996868,-56.10918752013883,GABA,0.1,-0.02306502367619085,-0.0036157906631711055,-0.0003105536887846455,0.007234950480306381,-0.013340780121347724,0.004035399107764503,-9.831716939772134e-05,57.5010673808059,1.8121097137386444,0.5640639565467721,0.015439115639967579,,,0.001458350045289868,,,,,1.0,,,,,,,DRN355,-48.163799277925754,iGIF_NP
0.06506511167843626,1.1251007605168548,,-70.07192989521948,4.0,-54.79576398025309,-52.545982546897605,GABA,0.1,-0.01876359917842611,-0.0016674979046949513,-0.001966959861952502,-0.1171687634750027,-0.004601896913940697,0.0031615627494526325,0.0007180694446448976,14.66141379377753,2.420908597582788,0.6493528921552363,0.04489584743622364,,,0.004128864099251853,,,,,1.0,,,,,,,DRN356,-70.07192993143207,iGIF_NP
0.07728196130005435,1.1403967386027711,,-70.45053621576835,4.0,-63.66619870178422,-63.000664093860856,GABA,0.1,-0.011918076821539421,-0.010626755620381166,-0.002051215766206933,-0.1431248516384275,-0.027916348644409245,0.004660915508298492,0.0011787975624418937,51.590609436821055,4.680643088726344,0.8313408533510229,-0.04115583032750493,,,0.004801388779074471,,,,,1.0,,,,,,,DRN357,-70.45053862139892,iGIF_NP
0.03251526688740585,1.7049590343545962,,-65.34782658862471,4.0,-70.4347166459087,-65.85300214847132,GABA,0.1,0.013388340994202998,0.0005398328320115793,0.0005269335357219023,-0.036972134549607086,0.007412769524387781,-0.001302801915264338,-0.00015446776320786137,-6.862953388405426,6.272633797561735,0.47412599311173015,-0.05727967905752471,,,0.00037542143196416726,,,,,1.0,,,,,,,SOM_6_LW,-65.34782411094959,iGIF_NP
0.06187600018713412,1.2167762301998946,,-74.48750001210287,4.0,-62.66461659722447,-60.97741845803443,GABA,0.1,0.02585425235394714,0.001726151531420526,-0.0005936385946954906,-0.1418971230257418,-0.028828098520803577,0.0017335798157531446,0.00039207492844957846,15.007104007692176,4.525267381522042,1.5218798586816729,-0.10856058962734405,,,0.00321677918871892,,,,,1.0,,,,,,,SOM_9_LW,-74.48750303435148,iGIF_NP
0.029732741389215743,2.2503657030530495,,-66.99003259370328,4.0,-59.508261846181334,-57.40544134816437,GABA,0.1,0.018938588634696184,-0.0029235114598104746,0.0002949670517029711,0.012470936625271958,-0.002151160494615613,-0.0005646649698208123,-0.0006477772565764386,28.775169635822067,5.284892137516368,-0.24613592348196847,0.07185996891781067,,,0.00274838851647422,,,,,1.0,,,,,,,SOM_14_LW,-66.9900359911748,iGIF_NP
0.14509168278580276,0.6429935946862557,,-77.76947339704837,4.0,-57.19705947724007,-55.351971833686285,GABA,0.1,0.10865785001000683,0.01429755655617244,0.0007651334227217058,-0.29149456924848327,-0.005323139383639838,-0.00045874119569242936,-0.00032357378181568827,15.41773309723342,2.669791604332263,0.554619999640897,-0.009079158481330655,,,0.005303833563074322,,,,,1.0,,,,,,,DRN415,-77.76947023306639,iGIF_NP
0.07003983735864283,1.2652749241532435,,-53.961752485004766,4.0,-42.0451517577954,-43.136540814669345,GABA,0.1,-0.14694196656160327,-0.018294740727646704,-0.002032848582300234,0.10672812635828229,0.0361034627077798,0.009153701942789411,1.660738173065248e-05,187.98858577270747,4.957903302951865,1.3254271087751988,0.1013453452387778,,,0.0013106732513840152,,,,,1.0,,,,,,,DRN416,-53.96175383742571,iGIF_NP
0.08629818254550772,1.4506289759175746,,-45.099215565013026,4.0,-35.35115328383887,-42.76066882707969,GABA,0.1,-0.08002577193130166,-0.020331731217428307,-0.0002933178471380582,0.06540522726988385,0.04172638589164552,0.001691626424946726,-5.163874186966519e-05,42.474123539572155,2.955868221909194,2.708427455461884,-0.16363520046315155,,,0.0015206671549321817,,,,,1.0,,,,,,,DRN419,-45.09921645604981,iGIF_NP
0.0782272102264178,2.362124516604225,,-64.4204138245491,4.0,-54.352102661889916,-56.544328883513,GABA,0.1,-0.1787428690191966,-0.028678892991917154,-0.005879970395269052,0.29971628629478586,0.052523790497465556,0.021948969792468218,0.0027975621169287657,257.5817202961214,-7.5122789447773135,4.3486549141143644,0.3771296168437314,,,0.0019825216311800736,,,,,1.0,,,,,,,DRN421,-64.42041017725622,iGIF_NP
0.07452836258327565,1.0082262344760022,,-79.06579693963653,4.0,-60.78745156049825,-60.3226911846615,GABA,0.1,-0.014216811321913759,-0.004186127523766843,-0.0005964498816295509,-0.11230852874823623,0.009737680151951448,0.0026176911696134003,1.468659606276497e-05,16.983903443493634,1.402524409065431,1.0549852815113605,0.0016435660313791171,,,0.001254824057532112,,,,,1.0,,,,,,,DRN422,-79.06579590439982,iGIF_NP
0.033577811137702814,2.544928737918563,,-65.00077158534192,4.0,-48.40999810097137,-54.60371221698882,GABA,0.1,-0.016506993293157513,-0.005489731497316274,-0.0015352879184618387,0.1097761075192453,0.018854503637664763,0.003447292183060692,6.059116840384028e-05,57.39544904127152,11.413652832552332,4.061644891237148,0.00011596628637200552,,,0.0008989553693928127,,,,,1.0,,,,,,,DRN424,-65.00077057466852,iGIF_NP
0.05079904536155712,2.151019998280565,,-46.39424539359242,4.0,,-59.66549442867781,GABA,0.1,-0.04085255031445204,-0.020031525196539356,-6.630155637694101e-05,0.06791678938317984,0.015243516565371453,0.006022626078169627,7.253841540503341e-06,260.0529637805159,0.1826109349006454,1.317086464833969,-0.026218876004738965,,,0.000930969041973019,,,,,1.0,,,,,,,DRN351,-46.39424514911313,iGIF_VR
0.06345188649783233,1.7154649799850001,,-66.43368346931591,4.0,,-66.47786109374624,GABA,0.1,-0.04048054881123642,-0.02134657411439435,-0.002142906562228348,0.05078216647291108,0.010876343157510517,0.005576993292402789,0.0006053222349062891,66.75896797892636,9.02197089836429,1.1548066900092304,-0.07970987912089822,,,0.00292883478449755,,,,,1.0,,,,,,,DRN354,-66.43368529223545,iGIF_VR
0.04510770817502735,1.8961118501569931,,-48.16379789533032,4.0,,-57.191433147266785,GABA,0.1,-0.02306502367619085,-0.0036157906631711055,-0.0003105536887846455,0.007234950480306381,-0.013340780121347724,0.004035399107764503,-9.831716939772134e-05,60.02541797592847,1.8760179291287649,0.6240856862258515,0.01251624801574871,,,0.001458350045289868,,,,,1.0,,,,,,,DRN355,-48.16379927792576,iGIF_VR
0.06506511167843626,1.1223360554817465,,-70.07192989521948,4.0,,-52.53067634721151,GABA,0.1,-0.01876359917842611,-0.0016674979046949513,-0.001966959861952502,-0.1171687634750027,-0.004601896913940697,0.0031615627494526325,0.0007180694446448976,13.80747537321022,2.3414047155116218,0.651278245796458,0.04532098933774605,,,0.004128864099251853,,,,,1.0,,,,,,,DRN356,-70.07192718859821,iGIF_VR
0.07728196130005435,1.1318739282198225,,-70.45053621576835,4.0,,-62.95135362179804,GABA,0.1,-0.011918076821539421,-0.010626755620381166,-0.002051215766206933,-0.1431248516384275,-0.027916348644409245,0.004660915508298492,0.0011787975624418937,50.98324874141788,4.59565575107914,0.8100640089927064,-0.03886798054232215,,,0.004801388779074471,,,,,1.0,,,,,,,DRN357,-70.45053862139892,iGIF_VR
0.03251526688740585,1.731538874131961,,-65.34782658862471,4.0,,-65.82310653473158,GABA,0.1,0.013388340994202998,0.0005398328320115793,0.0005269335357219023,-0.036972134549607086,0.007412769524387781,-0.001302801915264338,-0.00015446776320786137,-4.742536782775173,7.097794794518883,0.5572087388880308,-0.07917817026477623,,,0.00037542143196416726,,,,,1.0,,,,,,,SOM_6_LW,-65.34782411094959,iGIF_VR
0.06187600018713412,1.2313406488354743,,-74.48750001210287,4.0,,-61.14686295348084,GABA,0.1,0.02585425235394714,0.001726151531420526,-0.0005936385946954906,-0.1418971230257418,-0.028828098520803577,0.0017335798157531446,0.00039207492844957846,19.288709791804582,4.408813781440124,1.5788837021021362,-0.11201309850047737,,,0.00321677918871892,,,,,1.0,,,,,,,SOM_9_LW,-74.48750303435148,iGIF_VR
0.029732741389215743,2.2545971274902614,,-66.99003259370328,4.0,,-57.43329550662799,GABA,0.1,0.018938588634696184,-0.0029235114598104746,0.0002949670517029711,0.012470936625271958,-0.002151160494615613,-0.0005646649698208123,-0.0006477772565764386,31.39204020392967,5.3072517779306585,-0.23885910859439288,0.07053090077629583,,,0.00274838851647422,,,,,1.0,,,,,,,SOM_14_LW,-66.99003509562208,iGIF_VR
0.14509168278580276,0.6486186124741132,,-77.76947339704837,4.0,,-55.355793868577344,GABA,0.1,0.10865785001000683,0.01429755655617244,0.0007651334227217058,-0.29149456924848327,-0.005323139383639838,-0.00045874119569242936,-0.00032357378181568827,18.919655729819,2.7394700636480454,0.5703829405678326,-0.008439271649474002,,,0.005303833563074322,,,,,1.0,,,,,,,DRN415,-77.76946761339096,iGIF_VR
0.07003983735864283,1.2839204003689109,,-53.961752485004766,4.0,,-45.997667874905005,GABA,0.1,-0.14694196656160327,-0.018294740727646704,-0.002032848582300234,0.10672812635828229,0.0361034627077798,0.009153701942789411,1.660738173065248e-05,193.754604569813,5.216377248137783,1.2891731125322465,0.1416213499094083,,,0.0013106732513840152,,,,,1.0,,,,,,,DRN416,-53.96175367669557,iGIF_VR
0.08629818254550772,1.5737802834523098,,-45.099215565013026,4.0,,-52.98878422278253,GABA,0.1,-0.08002577193130166,-0.020331731217428307,-0.0002933178471380582,0.06540522726988385,0.04172638589164552,0.001691626424946726,-5.163874186966519e-05,126.26052214782717,6.086237601919217,2.7500148134203863,-0.13744417507654194,,,0.0015206671549321817,,,,,1.0,,,,,,,DRN419,-45.09921645604981,iGIF_VR
0.0782272102264178,2.5860115994715094,,-64.4204138245491,4.0,,-71.48502433555602,GABA,0.1,-0.1787428690191966,-0.028678892991917154,-0.005879970395269052,0.29971628629478586,0.052523790497465556,0.021948969792468218,0.0027975621169287657,508.02787135480037,-10.829303375947708,4.61710337071966,0.3764808434010252,,,0.0019825216311800736,,,,,1.0,,,,,,,DRN421,-64.42041017725622,iGIF_VR
0.07452836258327565,1.0387581384661502,,-79.06579693963653,4.0,,-60.56556539570417,GABA,0.1,-0.014216811321913759,-0.004186127523766843,-0.0005964498816295509,-0.11230852874823623,0.009737680151951448,0.0026176911696134003,1.468659606276497e-05,23.632985338874576,1.2318212879292991,1.2122030918025037,-0.009444389277945256,,,0.001254824057532112,,,,,1.0,,,,,,,DRN422,-79.06579590439983,iGIF_VR
0.033577811137702814,2.5573469216739864,,-65.00077158534192,4.0,,-54.75850472004519,GABA,0.1,-0.016506993293157513,-0.005489731497316274,-0.0015352879184618387,0.1097761075192453,0.018854503637664763,0.003447292183060692,6.059116840384028e-05,157.55332864343643,10.889020147206878,3.9346181081018003,0.005779393582018993,,,0.0008989553693928127,,,,,1.0,,,,,,,DRN424,-65.00077057466851,iGIF_VR
0.12166711629013749,9.580929485890133,,-83.87383784442108,4.0,-62.06538118108673,-92.24326556550619,mPFC,0.1,-0.23660680863882835,-0.04636510232196233,-0.007415727667893979,0.44626876222536893,0.15750570884770057,0.021656832207802384,0.001887475958798547,594.1587647592584,17.926614018224,0.16655833767439757,-0.061169165553530705,,,0.0036937477911516367,,,,,1.0,,,,,,,APFC4,-83.87384031778615,GIF
0.08506152381586302,2.5830363735187074,,-68.7305366689645,4.0,-56.19044686141328,-68.57707798803375,mPFC,0.1,0.02550589924875493,0.020499958563831282,0.008725635129128271,0.04552448344291345,-0.019342786405129823,-0.02561408045907518,-0.0009863534153541627,10.067363602353728,13.215105274435526,0.9978935548012977,-0.04045521898966101,,,0.005457646216713735,,,,,1.0,,,,,,,APFC5,-68.73053741028124,GIF
0.11746436756813163,1.3312108565559844,,-72.15249095235791,4.0,-68.97422580198283,-63.74982868352599,mPFC,0.1,0.09402084023640177,0.00399274220377726,-0.0006585277360295261,-0.2282097558369686,-0.0162977140144447,0.0008244524566608507,0.0006046666366687505,-12.003813506076051,1.9958935185595874,0.08311001846752598,0.026011304750737742,,,0.005490201316467205,,,,,1.0,,,,,,,APFC6,-72.15248872134538,GIF
0.11141534531996526,2.6881057918926845,,-79.09494908449412,4.0,-44.1718761938172,-64.91488615601644,mPFC,0.1,-0.27153684449742055,-0.02718443165584573,-0.005125252326369754,0.40181887270039296,0.0861801559585009,0.01649840295736469,0.0014946433297672432,-4.399089757643646,16.554806102648563,0.7205603160862113,0.2477584769396566,,,0.003713093423952398,,,,,1.0,,,,,,,APFC7,-79.0949478222114,GIF
0.21386851017251374,1.3783980814021164,,-66.59069181894762,4.0,-50.09103027210246,-55.657522852584954,mPFC,0.1,0.0734239857901443,-0.005911147532032479,-0.002908908202542797,0.027988982018524095,0.06936310362578729,0.007052863621053297,0.0008738479383488516,10.229283897934174,10.146332172183309,0.13327416943763806,-0.007007811818418345,,,0.0031390708930100985,,,,,1.0,,,,,,,APFC8,-66.59069061969993,GIF
0.16892075000342377,3.062373027870207,,-77.8664208168345,4.0,-56.06178023085494,-64.79101085620617,mPFC,0.1,-0.06262652100808493,-0.0038566030682307844,0.0009938647079907172,0.0594201676324754,0.0930168026310198,0.004252805398790928,-0.0008258912138011311,7.338336419620135,15.941488693868386,0.03431402247817593,0.12553683616450514,,,0.001557588952914763,,,,,1.0,,,,,,,APFC9,-77.86642453910882,GIF
0.1895466187085933,4.471403827942999,,-67.06524505115694,4.0,-45.61087052193173,-77.59758739241524,mPFC,0.1,-0.6185496047670513,-0.08907535403487517,-0.01622847713246634,1.2186177098676616,0.27737764661075615,0.047229829652811965,0.003513416216689439,13.40701152386706,15.295647754473046,0.5628772026123693,-0.058284110604732695,,,0.01103105020303045,,,,,1.0,,,,,,,APFC6,-67.06524657326483,GIF
0.15626669027038587,13.152158964298723,-101.0,-90.21908184368273,4.0,-62.06538118108673,-96.94271049763432,mPFC,0.1,-0.28414605649591745,-0.05880728835958235,-0.009409032924968346,0.5836480651705448,0.2123005933364555,0.02811001146477836,0.0018795241126036604,962.0002817438628,15.900354460251155,-0.41111460589311655,-0.14554986805788706,1.7761891183990063e-16,0.0009293072149466874,0.002019163805106351,1.03,-59.2,-0.165,10.0,1.0,1.61,-23.7,0.0985,1.55,-24.3,0.216,APFC4,-90.21908309481643,AugmentedGIF
0.06335998260641366,2.0180397871989535,-101.0,-64.03446431087178,4.0,-56.19044686141328,-63.394650888871865,mPFC,0.1,-0.04732497680977236,0.009939518722674907,0.006675663125535614,0.07403716748802835,0.010528467222037409,-0.019841247663190203,-0.0007593312307715621,18.370288151010126,11.962657180890924,0.4436714847636809,-0.016847376320329017,0.030363108478791066,0.006299999119302927,0.003831005129261643,1.03,-59.2,-0.165,10.0,1.0,1.61,-23.7,0.0985,1.55,-24.3,0.216,APFC5,-68.32289353085241,AugmentedGIF
0.13046030154093766,1.470709865178257,-101.0,-72.30511274506578,4.0,-68.97422580198283,-64.73766925355444,mPFC,0.1,0.12643344881071952,0.007874802651380504,-0.0005549923040286867,-0.28560522082833767,-0.026494325951877076,-0.00018687382998985421,0.0005516323916866707,-10.752448846830662,1.389575909026217,0.17278931382245147,0.020524155586042873,3.922074646359596e-20,3.0369262058661843e-18,0.005129015454224078,1.03,-59.2,-0.165,10.0,1.0,1.61,-23.7,0.0985,1.55,-24.3,0.216,APFC6,-72.30511473463504,AugmentedGIF
0.11870117983166749,2.269203916688157,-101.0,-79.49612743989337,4.0,-44.1718761938172,-62.79010619994808,mPFC,0.1,-0.2985860617115371,-0.02930015188977786,-0.005316306404093362,0.4402371490125832,0.10440221014402473,0.01740815979345529,0.0014844691109128292,-2.0883887618902897,14.470254470129097,0.4877949339706692,0.20757440876336086,4.354253745057825e-26,0.0029817992764076726,0.003492062870619048,1.03,-59.2,-0.165,10.0,1.0,1.61,-23.7,0.0985,1.55,-24.3,0.216,APFC7,-79.49631217864028,AugmentedGIF
0.21898620538011943,1.5455778081053546,-101.0,-66.78473172135773,4.0,-50.09103027210246,-56.0253454981852,mPFC,0.1,0.06970505038654555,-0.006217549633005461,-0.0027290549015733796,0.04164993758369819,0.07603697225422447,0.0069319706154681235,0.0007888245999575999,23.495346514994015,9.146745660066514,0.09821569777484256,-0.011648545530851387,7.394997609377415e-18,3.4178264886515776e-17,0.0029164728005902623,1.03,-59.2,-0.165,10.0,1.0,1.61,-23.7,0.0985,1.55,-24.3,0.216,APFC8,-66.78472901946752,AugmentedGIF
0.19738472213129585,3.976624003596684,-101.0,-78.41059154643101,4.0,-56.06178023085494,-64.52830564336458,mPFC,0.1,-0.06844456144914825,-0.0021668210343988837,0.001054438410566795,0.06479334826082175,0.11431523405094879,0.004080966925131684,-0.0008896941751410719,87.93086861955743,11.15143930357507,-0.8216668789543443,-0.01465414374465168,6.598192494495612e-22,1.4197275409670364e-19,0.0011690424716838553,1.03,-59.2,-0.165,10.0,1.0,1.61,-23.7,0.0985,1.55,-24.3,0.216,APFC9,-78.41059112789877,AugmentedGIF
0.17332845060074167,1.8905984029957712,-101.0,-57.666458467256774,4.0,-45.61087052193173,-65.72564784136362,mPFC,0.1,-0.6529503582861971,-0.05966316463243095,-0.014969543157603106,0.8549471528692005,0.2136130696642671,0.043058099577182374,0.0031305401213049754,30.801882044220072,7.028598549530734,0.22314855592084595,-0.008930284558238155,0.08182975936654878,3.1476319057905043e-23,0.0076841043495597845,1.03,-59.2,-0.165,150.0,1.0,1.61,-23.7,0.0985,1.55,-24.3,0.216,APFC6,-65.24306395664834,AugmentedGIF
0.12166711629013749,1.8142906978666404,,-83.87383784442108,4.0,-62.06538118108673,-71.53214692313112,mPFC,0.1,-0.23660680863882835,-0.04636510232196233,-0.007415727667893979,0.44626876222536893,0.15750570884770057,0.021656832207802384,0.001887475958798547,273.1021219439703,2.81961974287989,-0.05090978961488355,-0.036616718406098835,,,0.0036937477911516367,,,,,1.0,,,,,,,APFC4,-83.87384031778615,iGIF_NP
0.08506152381586302,1.1619538157336997,,-68.7305366689645,4.0,-56.19044686141328,-60.43394173286624,mPFC,0.1,0.02550589924875493,0.020499958563831282,0.008725635129128271,0.04552448344291345,-0.019342786405129823,-0.02561408045907518,-0.0009863534153541627,37.28036788492073,2.3238226691263777,0.3721630545350759,-0.05355071690187939,,,0.005457646216713735,,,,,1.0,,,,,,,APFC5,-68.73053741028124,iGIF_NP
0.11746436756813163,0.4713285308158863,,-72.15249095235791,4.0,-68.97422580198283,-64.1113960867345,mPFC,0.1,0.09402084023640177,0.00399274220377726,-0.0006585277360295261,-0.2282097558369686,-0.0162977140144447,0.0008244524566608507,0.0006046666366687505,-0.42097665179721644,0.70905550893107,-0.020358984361550578,-0.0009647906154091031,,,0.005490201316467205,,,,,1.0,,,,,,,APFC6,-72.15248872134538,iGIF_NP
0.11141534531996526,1.5435796506862123,,-79.09494908449412,4.0,-44.1718761938172,-56.726174737400335,mPFC,0.1,-0.27153684449742055,-0.02718443165584573,-0.005125252326369754,0.40181887270039296,0.0861801559585009,0.01649840295736469,0.0014946433297672432,18.21014897674869,4.107033194753285,0.3276001178660872,0.06559267130498138,,,0.003713093423952398,,,,,1.0,,,,,,,APFC7,-79.0949478222114,iGIF_NP
0.21386851017251374,0.8105194842141311,,-66.59069181894762,4.0,-50.09103027210246,-53.81643491653467,mPFC,0.1,0.0734239857901443,-0.005911147532032479,-0.002908908202542797,0.027988982018524095,0.06936310362578729,0.007052863621053297,0.0008738479383488516,151.40155980745038,1.700696278868185,-0.043752747756591555,0.01655072919983327,,,0.0031390708930100985,,,,,1.0,,,,,,,APFC8,-66.59069061969993,iGIF_NP
0.16892075000342377,0.9063484090094182,,-77.8664208168345,4.0,-56.06178023085494,-59.12022808333112,mPFC,0.1,-0.06262652100808493,-0.0038566030682307844,0.0009938647079907172,0.0594201676324754,0.0930168026310198,0.004252805398790928,-0.0008258912138011311,136.29281927820765,0.5619474857144763,-0.037387267050956643,0.03565147104741725,,,0.001557588952914763,,,,,1.0,,,,,,,APFC9,-77.86642453910882,iGIF_NP
0.1895466187085933,2.2027270504152248,,-67.06524505115694,4.0,-45.61087052193173,-65.9838484279915,mPFC,0.1,-0.6185496047670513,-0.08907535403487517,-0.01622847713246634,1.2186177098676616,0.27737764661075615,0.047229829652811965,0.003513416216689439,20.946824149379577,6.886411365068536,0.1499742256415915,-0.041415523657085354,,,0.01103105020303045,,,,,1.0,,,,,,,APFC6,-67.06524657326483,iGIF_NP
0.12166711629013749,1.746479247507944,,-83.87383784442108,4.0,,-73.04947167574349,mPFC,0.1,-0.23660680863882835,-0.04636510232196233,-0.007415727667893979,0.44626876222536893,0.15750570884770057,0.021656832207802384,0.001887475958798547,237.71000601034135,2.179101493961707,-0.06639526814378627,-0.014084313933116025,,,0.0036937477911516367,,,,,1.0,,,,,,,APFC4,-83.87383781301766,iGIF_VR
0.08506152381586302,1.1588532094082316,,-68.7305366689645,4.0,,-60.69381528242423,mPFC,0.1,0.02550589924875493,0.020499958563831282,0.008725635129128271,0.04552448344291345,-0.019342786405129823,-0.02561408045907518,-0.0009863534153541627,38.501528976243506,2.1564562934015714,0.3624691184777043,-0.05471199189129712,,,0.005457646216713735,,,,,1.0,,,,,,,APFC5,-68.73053741028124,iGIF_VR
0.11746436756813163,0.45823635013364045,,-72.15249095235791,4.0,,-64.01225865782543,mPFC,0.1,0.09402084023640177,0.00399274220377726,-0.0006585277360295261,-0.2282097558369686,-0.0162977140144447,0.0008244524566608507,0.0006046666366687505,1.0920904573726955,0.8594794678830087,-0.03430609471471324,0.001010854335605074,,,0.005490201316467205,,,,,1.0,,,,,,,APFC6,-72.15248872134538,iGIF_VR
0.11141534531996526,1.3582232156223484,,-79.09494908449412,4.0,,-57.67913125291074,mPFC,0.1,-0.27153684449742055,-0.02718443165584573,-0.005125252326369754,0.40181887270039296,0.0861801559585009,0.01649840295736469,0.0014946433297672432,46.357866072623985,0.6691034177395747,0.5951393494889429,0.03920655821780734,,,0.003713093423952398,,,,,1.0,,,,,,,APFC7,-79.09494782221138,iGIF_VR
0.21386851017251374,0.6493197084469005,,-66.59069181894762,4.0,,-56.559551887871564,mPFC,0.1,0.0734239857901443,-0.005911147532032479,-0.002908908202542797,0.027988982018524095,0.06936310362578729,0.007052863621053297,0.0008738479383488516,113.32795453710915,1.0405380315656345,0.09688293781670143,0.025083810200597335,,,0.0031390708930100985,,,,,1.0,,,,,,,APFC8,-66.59069061969991,iGIF_VR
0.16892075000342377,0.8347232284576288,,-77.8664208168345,4.0,,-64.97415023374637,mPFC,0.1,-0.06262652100808493,-0.0038566030682307844,0.0009938647079907172,0.0594201676324754,0.0930168026310198,0.004252805398790928,-0.0008258912138011311,145.97974624744174,1.077385519771604,0.29610396477659756,0.02543547793298504,,,0.001557588952914763,,,,,1.0,,,,,,,APFC9,-77.86642453910882,iGIF_VR
0.1895466187085933,1.4109842975528597,,-67.06524505115694,4.0,,-65.24243517419634,mPFC,0.1,-0.6185496047670513,-0.08907535403487517,-0.01622847713246634,1.2186177098676616,0.27737764661075615,0.047229829652811965,0.003513416216689439,48.03315331481228,1.0485241729661228,0.2610352372674073,-0.036875165503207,,,0.01103105020303045,,,,,1.0,,,,,,,APFC6,-67.06524657326483,iGIF_VR
